<?xml version="1.0" encoding="UTF-8"?>
<beans xmlns="http://www.springframework.org/schema/beans"
       xmlns:xsi="http://www.w3.org/2001/XMLSchema-instance"
       xmlns:context="http://www.springframework.org/schema/context"
       xmlns:aop="http://www.springframework.org/schema/aop"
       xsi:schemaLocation="http://www.springframework.org/schema/beans http://www.springframework.org/schema/beans/spring-beans.xsd http://www.springframework.org/schema/context https://www.springframework.org/schema/context/spring-context.xsd http://www.springframework.org/schema/aop https://www.springframework.org/schema/aop/spring-aop.xsd">
    <context:annotation-config/>

    <context:component-scan base-package="com.sang"/>

    <context:property-placeholder location="classpath:dbconfig.properties"/>
    <bean id="datasource" class="com.mchange.v2.c3p0.ComboPooledDataSource">
        <property name="user" value="${user}"/>
        <property name="password" value="${password}"/>
        <property name="jdbcUrl" value="${jdbc.jdbcUrl}"/>
        <property name="driverClass" value="${driverClass}"/>
    </bean>

    <bean id="jdbcTemplate" class="org.springframework.jdbc.core.JdbcTemplate">
        <property name="dataSource" ref="datasource"/>
    </bean>

    <bean id="employeeDao" class="com.sang.dao.Impl.EmployeeDaoImpl">
        <property name="jdbcTemplate" ref="jdbcTemplate"></property>
    </bean>

    <bean id="employeeService" class="com.sang.Service.EmployeeService">
        <property name="employeeDao" ref="employeeDao"></property>
    </bean>
</beans>